{
  "metadata": {
    "month": "2025-01",
    "record_count": 1544,
    "performance": {
      "phase_name": "match",
      "parallel_workers": 1,
      "total_processing_time_seconds": 0.0,
      "file_io_time_seconds": 0.009185075759887695,
      "processing_time_seconds": 0.7230658531188965,
      "record_count": 1544,
      "avg_time_per_record_seconds": 0.0,
      "records_per_second": 0.0,
      "memory_usage_mb": {
        "peak": 0.0,
        "final": 0.0
      },
      "file_sizes_mb": {
        "input": 0.0,
        "output": 0.0
      },
      "matcher_times": {
        "razor": {
          "total_time_seconds": 0.1331038475036621,
          "avg_time_seconds": 8.6487230346759e-05,
          "min_time_seconds": 2.384185791015625e-05,
          "max_time_seconds": 0.0030493736267089844,
          "count": 1539
        },
        "blade": {
          "total_time_seconds": 0.1109321117401123,
          "avg_time_seconds": 7.918066505361335e-05,
          "min_time_seconds": 7.152557373046875e-07,
          "max_time_seconds": 0.001940011978149414,
          "count": 1401
        },
        "soap": {
          "total_time_seconds": 0.14780902862548828,
          "avg_time_seconds": 9.597988871784954e-05,
          "min_time_seconds": 7.152557373046875e-07,
          "max_time_seconds": 0.0010533332824707031,
          "count": 1540
        },
        "brush": {
          "total_time_seconds": 0.015914201736450195,
          "avg_time_seconds": 1.0374316646968836e-05,
          "min_time_seconds": 2.1457672119140625e-06,
          "max_time_seconds": 0.0009250640869140625,
          "count": 1534
        }
      },
      "brush_strategy_times": {},
      "cache_stats": {
        "brush_matcher": 