{
  "metadata": {
    "month": "2025-01",
    "record_count": 1544,
    "performance": {
      "phase_name": "match",
      "parallel_workers": 1,
      "total_processing_time_seconds": 0.0,
      "file_io_time_seconds": 0.008882999420166016,
      "processing_time_seconds": 0.9764902591705322,
      "record_count": 1544,
      "avg_time_per_record_seconds": 0.0,
      "records_per_second": 0.0,
      "memory_usage_mb": {
        "peak": 0.0,
        "final": 0.0
      },
      "file_sizes_mb": {
        "input": 0.0,
        "output": 0.0
      },
      "matcher_times": {
        "razor": {
          "total_time_seconds": 0.18508172035217285,
          "avg_time_seconds": 0.00012026102686950802,
          "min_time_seconds": 2.3603439331054688e-05,
          "max_time_seconds": 0.027621030807495117,
          "count": 1539
        },
        "blade": {
          "total_time_seconds": 0.16647553443908691,
          "avg_time_seconds": 0.00011882622015637896,
          "min_time_seconds": 9.5367431640625e-07,
          "max_time_seconds": 0.018997907638549805,
          "count": 1401
        },
        "soap": {
          "total_time_seconds": 0.1889207363128662,
          "avg_time_seconds": 0.00012267580280056248,
          "min_time_seconds": 7.152557373046875e-07,
          "max_time_seconds": 0.00587010383605957,
          "count": 1540
        },
        "brush": {
          "total_time_seconds": 0.02029132843017578,
          "avg_time_seconds": 1.322772387886296e-05,
          "min_time_seconds": 1.6689300537109375e-06,
          "max_time_seconds": 0.0008330345153808594,
          "count": 1534
        }
      },
      "brush_strategy_times": {},
      "cache_stats": {
        "brush_matcher": 