{
  "metadata": {
    "month": "2025-01",
    "record_count": 1544,
    "performance": {
      "phase_name": "match",
      "parallel_workers": 1,
      "total_processing_time_seconds": 0.0,
      "file_io_time_seconds": 0.008493900299072266,
      "processing_time_seconds": 0.7573890686035156,
      "record_count": 1544,
      "avg_time_per_record_seconds": 0.0,
      "records_per_second": 0.0,
      "memory_usage_mb": {
        "peak": 0.0,
        "final": 0.0
      },
      "file_sizes_mb": {
        "input": 0.0,
        "output": 0.0
      },
      "matcher_times": {
        "razor": {
          "total_time_seconds": 0.13028216361999512,
          "avg_time_seconds": 8.465377753086103e-05,
          "min_time_seconds": 2.384185791015625e-05,
          "max_time_seconds": 0.0033130645751953125,
          "count": 1539
        },
        "blade": {
          "total_time_seconds": 0.16259098052978516,
          "avg_time_seconds": 0.00011605351929320854,
          "min_time_seconds": 7.152557373046875e-07,
          "max_time_seconds": 0.055130958557128906,
          "count": 1401
        },
        "soap": {
          "total_time_seconds": 0.14576959609985352,
          "avg_time_seconds": 9.465558188302177e-05,
          "min_time_seconds": 7.152557373046875e-07,
          "max_time_seconds": 0.0008950233459472656,
          "count": 1540
        },
        "brush": {
          "total_time_seconds": 0.01576709747314453,
          "avg_time_seconds": 1.0278420777799564e-05,
          "min_time_seconds": 9.5367431640625e-07,
          "max_time_seconds": 0.00080108642578125,
          "count": 1534
        }
      },
      "brush_strategy_times": {},
      "cache_stats": {
        "brush_matcher": 